date, value
2015-01-12,1.1833
2015-01-13,1.1772
2015-01-14,1.1786
2015-01-15,1.163
2015-01-16,1.1567
2015-01-20,1.1548
2015-01-21,1.1609
2015-01-22,1.1364
2015-01-23,1.1207
2015-01-26,1.1238
2015-01-27,1.138
2015-01-28,1.1286
2015-01-29,1.1319
2015-01-30,1.1283
2015-02-02,1.1337
2015-02-03,1.1477
2015-02-04,1.1342
2015-02-05,1.1475
2015-02-06,1.1312
2015-02-09,1.1323
2015-02-10,1.1317
2015-02-11,1.1333
2015-02-12,1.1402
2015-02-13,1.1389
2015-02-17,1.1409
2015-02-18,1.1396
2015-02-19,1.1366
2015-02-20,1.1379
2015-02-23,1.1334
2015-02-24,1.1339
2015-02-25,1.136
2015-02-26,1.1197
2015-02-27,1.1193
2015-03-02,1.1182
2015-03-03,1.1175
2015-03-04,1.1078
2015-03-05,1.1028
2015-03-06,1.0843
2015-03-09,1.0847
2015-03-10,1.0698
2015-03-11,1.0545
2015-03-12,1.0634
2015-03-13,1.0493
2015-03-16,1.0563
2015-03-17,1.0594
2015-03-18,1.0869
2015-03-19,1.0654
2015-03-20,1.0817
2015-03-23,1.0946
2015-03-24,1.0923
2015-03-25,1.0969
2015-03-26,1.0882
2015-03-27,1.089
2015-03-30,1.0832
2015-03-31,1.0738
2015-04-01,1.0761
2015-04-02,1.0879
2015-04-06,1.0923
2015-04-07,1.0815
2015-04-08,1.0779
2015-04-09,1.0658
2015-04-10,1.0603
2015-04-13,1.0564
2015-04-14,1.0652
2015-04-15,1.0685
2015-04-16,1.076
2015-04-17,1.0808
2015-04-20,1.0736
2015-04-21,1.0734
2015-04-22,1.0724
2015-04-23,1.0823
2015-04-24,1.087
2015-04-27,1.0887
2015-04-28,1.0981
2015-04-29,1.1125
2015-04-30,1.1221
2015-05-01,1.1198
2015-05-04,1.1148
2015-05-05,1.1184
2015-05-06,1.1347
2015-05-07,1.1265
2015-05-08,1.1209
2015-05-11,1.1153
2015-05-12,1.1213
2015-05-13,1.1351
2015-05-14,1.1407
2015-05-15,1.1445
2015-05-18,1.1313
2015-05-19,1.1148
2015-05-20,1.1095
2015-05-21,1.1112
2015-05-22,1.1015
2015-05-26,1.0874
2015-05-27,1.0904
2015-05-28,1.0949
2015-05-29,1.0986
2015-06-01,1.0927
2015-06-02,1.1151
2015-06-03,1.1275
2015-06-04,1.1238
2015-06-05,1.1114
2015-06-08,1.1291
2015-06-09,1.1283
2015-06-10,1.1324
2015-06-11,1.1258
2015-06-12,1.1266
2015-06-15,1.1283
2015-06-16,1.1248
2015-06-17,1.1337
2015-06-18,1.1359
2015-06-19,1.1352
2015-06-22,1.1341
2015-06-23,1.1167
2015-06-24,1.1205
2015-06-25,1.1205
2015-06-26,1.1167
2015-06-29,1.1236
2015-06-30,1.1147
2015-07-01,1.1053
2015-07-02,1.1084
2015-07-03,1.1114
2015-07-06,1.1056
2015-07-07,1.1011
2015-07-08,1.1077
2015-07-09,1.1036
2015-07-10,1.1162
2015-07-13,1.1002
2015-07-14,1.1009
2015-07-15,1.095
2015-07-16,1.0875
2015-07-17,1.083
2015-07-20,1.0825
2015-07-21,1.0935
2015-07-22,1.0929
2015-07-23,1.0984
2015-07-24,1.0984
2015-07-27,1.1088
2015-07-28,1.106
2015-07-29,1.0984
2015-07-30,1.0932
2015-07-31,1.0984
2015-08-03,1.095
2015-08-04,1.0881
2015-08-05,1.0906
2015-08-06,1.0925
2015-08-07,1.0967
2015-08-10,1.1019
2015-08-11,1.1042
2015-08-12,1.1159
2015-08-13,1.115
2015-08-14,1.1109
2015-08-17,1.1078
2015-08-18,1.1024
2015-08-19,1.112
2015-08-20,1.1242
2015-08-21,1.1386
2015-08-24,1.1619
2015-08-25,1.1517
2015-08-26,1.1314
2015-08-27,1.1246
2015-08-28,1.1185
2015-08-31,1.1211
2015-09-01,1.1315
2015-09-02,1.1227
2015-09-03,1.1123
2015-09-04,1.1149
2015-09-07,1.117
2015-09-08,1.1203
2015-09-09,1.1207
2015-09-10,1.128
2015-09-11,1.1338
2015-09-14,1.1317
2015-09-15,1.1269
2015-09-16,1.129
2015-09-17,1.1435
2015-09-18,1.1298
2015-09-21,1.119
2015-09-22,1.112
2015-09-23,1.1186
2015-09-24,1.123
2015-09-25,1.1195
2015-09-28,1.1244
2015-09-29,1.1249
2015-09-30,1.1177
2015-10-01,1.1195
2015-10-02,1.1216
2015-10-05,1.1188
2015-10-06,1.1272
2015-10-07,1.1237
2015-10-08,1.1276
2015-10-09,1.1358
2015-10-12,1.1358
2015-10-13,1.1379
2015-10-14,1.1474
2015-10-15,1.1386
2015-10-16,1.1348
2015-10-19,1.1327
2015-10-20,1.1346
2015-10-21,1.1339
2015-10-22,1.1109
2015-10-23,1.1018
2015-10-26,1.1058
2015-10-27,1.1051
2015-10-28,1.0923
2015-10-29,1.0977
2015-10-30,1.1006
2015-11-02,1.1016
2015-11-03,1.0964
2015-11-04,1.0866
2015-11-05,1.0884
2015-11-06,1.0741
2015-11-09,1.0752
2015-11-10,1.0724
2015-11-11,1.0743
2015-11-12,1.0814
2015-11-13,1.0773
2015-11-16,1.0686
2015-11-17,1.0642
2015-11-18,1.066
2015-11-19,1.0734
2015-11-20,1.0646
2015-11-23,1.0636
2015-11-24,1.0643
2015-11-25,1.0624
2015-11-26,1.061
2015-11-27,1.0593
2015-11-30,1.0565
2015-12-01,1.0633
2015-12-02,1.0615
2015-12-03,1.094
2015-12-04,1.0881
2015-12-07,1.0837
2015-12-08,1.0892
2015-12-09,1.1025
2015-12-10,1.0941
2015-12-11,1.0986
2015-12-14,1.0992
2015-12-15,1.0931
2015-12-16,1.0912
2015-12-17,1.0826
2015-12-18,1.0868
2015-12-21,1.0915
2015-12-22,1.0957
2015-12-23,1.0912
2015-12-24,1.0963
2015-12-25,1.096
2015-12-28,1.0968
2015-12-29,1.092
2015-12-30,1.0933
2015-12-31,1.0862
2016-01-01,1.0856
2016-01-04,1.0831
2016-01-05,1.0748
2016-01-06,1.0781
2016-01-07,1.0932
2016-01-08,1.0922
2016-01-11,1.0859
2016-01-12,1.0858
2016-01-13,1.0877
2016-01-14,1.0865
2016-01-15,1.0916
2016-01-18,1.0892
2016-01-19,1.0908
2016-01-20,1.089
2016-01-21,1.0874
2016-01-22,1.0796
2016-01-25,1.0849
2016-01-26,1.087
2016-01-27,1.0893
2016-01-28,1.094
2016-01-29,1.0831
2016-02-01,1.0888
2016-02-02,1.0919
2016-02-03,1.1105
2016-02-04,1.1209
2016-02-05,1.1158
2016-02-08,1.1193
2016-02-09,1.1293
2016-02-10,1.1292
2016-02-11,1.1323
2016-02-12,1.1256
2016-02-15,1.1156
2016-02-16,1.1144
2016-02-17,1.1128
2016-02-18,1.1107
2016-02-19,1.113
2016-02-22,1.103
2016-02-23,1.102
2016-02-24,1.1013
2016-02-25,1.1018
2016-02-26,1.0934
2016-02-29,1.0873
2016-03-01,1.0868
2016-03-02,1.0868
2016-03-03,1.0957
2016-03-04,1.1005
2016-03-07,1.1014
2016-03-08,1.1011
2016-03-09,1.0999
2016-03-10,1.1177
2016-03-11,1.1156
2016-03-14,1.1103
2016-03-15,1.1109
2016-03-16,1.1224
2016-03-17,1.1318
2016-03-18,1.127
2016-03-21,1.1241
2016-03-22,1.1217
2016-03-23,1.1181
2016-03-24,1.1174
2016-03-25,1.1167
2016-03-28,1.1196
2016-03-29,1.1291
2016-03-30,1.1338
2016-03-31,1.138
2016-04-01,1.1391
2016-04-04,1.1391
2016-04-05,1.1384
2016-04-06,1.1399
2016-04-07,1.1378
2016-04-08,1.1399
2016-04-11,1.1408
2016-04-12,1.1386
2016-04-13,1.1274
2016-04-14,1.1268
2016-04-15,1.1284
2016-04-18,1.1313
2016-04-19,1.1358
2016-04-20,1.1297
2016-04-21,1.1288
2016-04-22,1.1222
2016-04-25,1.1268
2016-04-26,1.1297
2016-04-27,1.1322
2016-04-28,1.1352
2016-04-29,1.1451
2016-05-02,1.1534
2016-05-03,1.1496
2016-05-04,1.1487
2016-05-05,1.1405
2016-05-06,1.1404
2016-05-09,1.1383
2016-05-10,1.1372
2016-05-11,1.1426
2016-05-12,1.1377
2016-05-13,1.1309
2016-05-16,1.1321
2016-05-17,1.1313
2016-05-18,1.1216
2016-05-19,1.1203
2016-05-20,1.1224
2016-05-23,1.122
2016-05-24,1.1141
2016-05-25,1.1155
2016-05-26,1.1194
2016-05-27,1.1115
2016-05-30,1.1138
2016-05-31,1.1132
2016-06-01,1.1188
2016-06-02,1.1151
2016-06-03,1.1367
2016-06-06,1.1355
2016-06-07,1.1358
2016-06-08,1.1395
2016-06-09,1.1316
2016-06-10,1.1251
2016-06-13,1.1292
2016-06-14,1.1207
2016-06-15,1.126
2016-06-16,1.1225
2016-06-17,1.1277
2016-06-20,1.1314
2016-06-21,1.1242
2016-06-22,1.1296
2016-06-23,1.1385
2016-06-24,1.1117
2016-06-27,1.1025
2016-06-28,1.1065
2016-06-29,1.1125
2016-06-30,1.1106
2016-07-01,1.1136
2016-07-04,1.1154
2016-07-05,1.1076
2016-07-06,1.11
2016-07-07,1.1063
2016-07-08,1.1051
2016-07-11,1.1058
2016-07-12,1.1061
2016-07-13,1.109
2016-07-14,1.112
2016-07-15,1.1035
2016-07-18,1.1075
2016-07-19,1.1021
2016-07-20,1.1015
2016-07-21,1.1026
2016-07-22,1.0977
2016-07-25,1.0995
2016-07-26,1.0986
2016-07-27,1.1058
2016-07-28,1.1077
2016-07-29,1.1174
2016-08-01,1.1163
2016-08-02,1.1224
2016-08-03,1.1149
2016-08-04,1.113
2016-08-05,1.1086
2016-08-08,1.1088
2016-08-09,1.1117
2016-08-10,1.1176
2016-08-11,1.1137
2016-08-12,1.1162
2016-08-15,1.1184
2016-08-16,1.1279
2016-08-17,1.1289
2016-08-18,1.1354
2016-08-19,1.1325
2016-08-22,1.132
2016-08-23,1.1305
2016-08-24,1.1264
2016-08-25,1.1285
2016-08-26,1.1198
2016-08-29,1.1189
2016-08-30,1.1143
2016-08-31,1.1158
2016-09-01,1.1197
2016-09-02,1.1156
2016-09-05,1.1147
2016-09-06,1.1255
2016-09-07,1.1239
2016-09-08,1.126
2016-09-09,1.1233
2016-09-12,1.1235
2016-09-13,1.122
2016-09-14,1.125
2016-09-15,1.1244
2016-09-16,1.1155
2016-09-19,1.1175
2016-09-20,1.1151
2016-09-21,1.1189
2016-09-22,1.1208
2016-09-23,1.1226
2016-09-26,1.1254
2016-09-27,1.1215
2016-09-28,1.1217
2016-09-29,1.1222
2016-09-30,1.1235
2016-10-03,1.1211
2016-10-04,1.1204
2016-10-05,1.1205
2016-10-06,1.1151
2016-10-07,1.1201
2016-10-10,1.1139
2016-10-11,1.1054
2016-10-12,1.1007
2016-10-13,1.1056
2016-10-14,1.0972
2016-10-17,1.1
2016-10-18,1.0981
2016-10-19,1.0974
2016-10-20,1.0929
2016-10-21,1.0884
2016-10-24,1.0882
2016-10-25,1.0889
2016-10-26,1.0908
2016-10-27,1.0897
2016-10-28,1.0985
2016-10-31,1.0981
2016-11-01,1.1055
2016-11-02,1.1098
2016-11-03,1.1105
2016-11-04,1.1141
2016-11-07,1.1041
2016-11-08,1.1026
2016-11-09,1.091
2016-11-10,1.0893
2016-11-11,1.0855
2016-11-14,1.0737
2016-11-15,1.0722
2016-11-16,1.0691
2016-11-17,1.0626
2016-11-18,1.0588
2016-11-21,1.063
2016-11-22,1.0627
2016-11-23,1.0553
2016-11-24,1.0554
2016-11-25,1.0589
2016-11-28,1.0614
2016-11-29,1.065
2016-11-30,1.0589
2016-12-01,1.0661
2016-12-02,1.0664
2016-12-05,1.0764
2016-12-06,1.0718
2016-12-07,1.0753
2016-12-08,1.0615
2016-12-09,1.0561
2016-12-12,1.0635
2016-12-13,1.0626
2016-12-14,1.0536
2016-12-15,1.0414
2016-12-16,1.0451
2016-12-19,1.0402
2016-12-20,1.0388
2016-12-21,1.0424
2016-12-22,1.0437
2016-12-23,1.0456
2016-12-26,1.0455
2016-12-27,1.0457
2016-12-28,1.0413
2016-12-29,1.049
2016-12-30,1.0517
2017-01-02,1.0455
2017-01-03,1.0405
2017-01-04,1.0489
2017-01-05,1.0607
2017-01-06,1.0532
2017-01-09,1.0574
2017-01-10,1.0554
2017-01-11,1.0582
2017-01-12,1.0613
2017-01-13,1.0643
2017-01-16,1.0601
2017-01-17,1.0713
2017-01-18,1.063
2017-01-19,1.0664
2017-01-20,1.0703
2017-01-23,1.0765
2017-01-24,1.0731
2017-01-25,1.0748
2017-01-26,1.0682
2017-01-27,1.0699
2017-01-30,1.0695
2017-01-31,1.0798
2017-02-01,1.0769
2017-02-02,1.0759
2017-02-03,1.0783
2017-02-06,1.075
2017-02-07,1.0683
2017-02-08,1.0698
2017-02-09,1.0655
2017-02-10,1.0643
2017-02-13,1.0598
2017-02-14,1.0578
2017-02-15,1.0601
2017-02-16,1.0674
2017-02-17,1.0616
2017-02-20,1.0614
2017-02-21,1.0536
2017-02-22,1.0558
2017-02-23,1.0582
2017-02-24,1.0563
2017-02-27,1.0587
2017-02-28,1.0576
2017-03-01,1.0547
2017-03-02,1.0507
2017-03-03,1.0622
2017-03-06,1.0582
2017-03-07,1.0566
2017-03-08,1.0541
2017-03-09,1.0577
2017-03-10,1.0673
2017-03-13,1.0653
2017-03-14,1.0604
2017-03-15,1.0734
2017-03-16,1.0766
2017-03-17,1.0738
2017-03-20,1.0739
2017-03-21,1.0811
2017-03-22,1.0797
2017-03-23,1.0783
2017-03-24,1.0798
2017-03-27,1.0864
2017-03-28,1.0814
2017-03-29,1.0766
2017-03-30,1.0674
2017-03-31,1.0652
2017-04-03,1.067
2017-04-04,1.0674
2017-04-05,1.0663
2017-04-06,1.0644
2017-04-07,1.0591
2017-04-10,1.0596
2017-04-11,1.0605
2017-04-12,1.0665
2017-04-13,1.0613
2017-04-14,1.0618
2017-04-17,1.0643
2017-04-18,1.073
2017-04-19,1.0711
2017-04-20,1.0717
2017-04-21,1.0728
2017-04-24,1.0868
2017-04-25,1.0926
2017-04-26,1.0904
2017-04-27,1.0873
2017-04-28,1.0895
2017-05-01,1.0899
2017-05-02,1.093
2017-05-03,1.0886
2017-05-04,1.0985
2017-05-05,1.0998
2017-05-08,1.0924
2017-05-09,1.0874
2017-05-10,1.0868
2017-05-11,1.0861
2017-05-12,1.0931
2017-05-15,1.0975
2017-05-16,1.1083
2017-05-17,1.1159
2017-05-18,1.1103
2017-05-19,1.1206
2017-05-22,1.1237
2017-05-23,1.1183
2017-05-24,1.1219
2017-05-25,1.121
2017-05-26,1.1183
2017-05-29,1.1164
2017-05-30,1.1186
2017-05-31,1.1244
2017-06-01,1.1213
2017-06-02,1.1279
2017-06-05,1.1254
2017-06-06,1.1277
2017-06-07,1.1257
2017-06-08,1.1214
2017-06-09,1.1195
2017-06-12,1.1203
2017-06-13,1.1211
2017-06-14,1.1218
2017-06-15,1.1145
2017-06-16,1.1198
2017-06-19,1.1149
2017-06-20,1.1134
2017-06-21,1.1168
2017-06-22,1.1152
2017-06-23,1.1194
2017-06-26,1.1182
2017-06-27,1.1339
2017-06-28,1.1378
2017-06-29,1.1441
2017-06-30,1.1426
2017-07-03,1.1364
2017-07-04,1.1346
2017-07-05,1.1352
2017-07-06,1.1423
2017-07-07,1.1401
2017-07-10,1.1399
2017-07-11,1.1467
2017-07-12,1.1412
2017-07-13,1.1398
2017-07-14,1.147
2017-07-17,1.1478
2017-07-18,1.1554
2017-07-19,1.1515
2017-07-20,1.1631
2017-07-21,1.1663
2017-07-24,1.1642
2017-07-25,1.1647
2017-07-26,1.1734
2017-07-27,1.1677
2017-07-28,1.1751
2017-07-31,1.1842
2017-08-01,1.1802
2017-08-02,1.1856
2017-08-03,1.187
2017-08-04,1.1773
2017-08-07,1.1795
2017-08-08,1.1752
2017-08-09,1.1759
2017-08-10,1.1772
2017-08-11,1.1821
2017-08-14,1.178
2017-08-15,1.1735
2017-08-16,1.1767
2017-08-17,1.1723
2017-08-18,1.1761
2017-08-21,1.1815
2017-08-22,1.1762
2017-08-23,1.1807
2017-08-24,1.1799
2017-08-25,1.1924
2017-08-28,1.1979
2017-08-29,1.1972
2017-08-30,1.1884
2017-08-31,1.191
2017-09-01,1.186
2017-09-04,1.1896
2017-09-05,1.1914
2017-09-06,1.1917
2017-09-07,1.2023
2017-09-08,1.2036
2017-09-11,1.1953
2017-09-12,1.1967
2017-09-13,1.1885
2017-09-14,1.1919
2017-09-15,1.1945
2017-09-18,1.1954
2017-09-19,1.1994
2017-09-20,1.1892
2017-09-21,1.1941
2017-09-22,1.1951
2017-09-25,1.1848
2017-09-26,1.1793
2017-09-27,1.1745
2017-09-28,1.1786
2017-09-29,1.1814
2017-10-02,1.1733
2017-10-03,1.1744
2017-10-04,1.1759
2017-10-05,1.1711
2017-10-06,1.173
2017-10-09,1.174
2017-10-10,1.1808
2017-10-11,1.1859
2017-10-12,1.183
2017-10-13,1.182
2017-10-16,1.1796
2017-10-17,1.1766
2017-10-18,1.1787
2017-10-19,1.1852
2017-10-20,1.1784
2017-10-23,1.1749
2017-10-24,1.1761
2017-10-25,1.1813
2017-10-26,1.1651
2017-10-27,1.1608
2017-10-30,1.1651
2017-10-31,1.1646
2017-11-01,1.1619
2017-11-02,1.1658
2017-11-03,1.1608
2017-11-06,1.161
2017-11-07,1.1587
2017-11-08,1.1595
2017-11-09,1.1642
2017-11-10,1.1665
2017-11-13,1.1667
2017-11-14,1.1798
2017-11-15,1.1791
2017-11-16,1.177
2017-11-17,1.179
2017-11-20,1.1733
2017-11-21,1.1738
2017-11-22,1.1822
2017-11-23,1.1851
2017-11-24,1.1933
2017-11-27,1.1898
2017-11-28,1.184
2017-11-29,1.1847
2017-11-30,1.1904
2017-12-01,1.1896
2017-12-04,1.1866
2017-12-05,1.1826
2017-12-06,1.1796
2017-12-07,1.1773
2017-12-08,1.1773
2017-12-11,1.1769
2017-12-12,1.1742
2017-12-13,1.1826
2017-12-14,1.1778
2017-12-15,1.1749
2017-12-18,1.1782
2017-12-19,1.184
2017-12-20,1.1871
2017-12-21,1.1874
2017-12-22,1.1862
2017-12-25,1.187
2017-12-26,1.1858
2017-12-27,1.1888
2017-12-28,1.1943
2017-12-29,1.2005
2018-01-01,1.2012
2018-01-02,1.2059
2018-01-03,1.2015
2018-01-04,1.2068
2018-01-05,1.2029
2018-01-08,1.1967
2018-01-09,1.1937
2018-01-10,1.1948
2018-01-11,1.2032
2018-01-12,1.2202
2018-01-15,1.2264
2018-01-16,1.226
2018-01-17,1.2186
2018-01-18,1.2238
2018-01-19,1.2222
2018-01-22,1.2262
2018-01-23,1.2299
2018-01-24,1.2408
2018-01-25,1.2396
2018-01-26,1.2427
2018-01-29,1.2383
2018-01-30,1.2402
2018-01-31,1.2414
2018-02-01,1.251
2018-02-02,1.2463
2018-02-05,1.2367
2018-02-06,1.2377
2018-02-07,1.2264
2018-02-08,1.2247
2018-02-09,1.2252
2018-02-12,1.2292
2018-02-13,1.2352
2018-02-14,1.2451
2018-02-15,1.2506
2018-02-16,1.2406
2018-02-19,1.2407
2018-02-20,1.2337
2018-02-21,1.2284
2018-02-22,1.233
2018-02-23,1.2297
2018-02-24,1.2297
2018-02-25,1.229
2018-02-26,1.232
2018-02-27,1.2232
2018-02-28,1.22
2018-03-01,1.2274
2018-03-02,1.232
2018-03-03,1.232
2018-03-04,1.232
2018-03-05,1.234
2018-03-06,1.2419
2018-03-07,1.2416
2018-03-08,1.2311
2018-03-09,1.2311
2018-03-10,1.2311
2018-03-11,1.2312
2018-03-12,1.2343
2018-03-13,1.2396
2018-03-14,1.2379
2018-03-15,1.2311
2018-03-16,1.23
2018-03-17,1.23
2018-03-18,1.2284
2018-03-19,1.234
2018-03-20,1.2252
2018-03-21,1.2352
2018-03-22,1.2329
2018-03-23,1.2362
2018-03-24,1.2362
2018-03-25,1.2358
2018-03-26,1.2461
2018-03-27,1.2413
2018-03-28,1.2315
2018-03-29,1.2306
2018-03-30,1.2327
2018-03-31,1.2327
2018-04-01,1.2317
2018-04-02,1.2297
2018-04-03,1.2282
2018-04-04,1.229
2018-04-05,1.2256
2018-04-06,1.2288
2018-04-07,1.2288
2018-04-08,1.2274
2018-04-09,1.2327
2018-04-10,1.2367
2018-04-11,1.2375
2018-04-12,1.2334
2018-04-13,1.2336
2018-04-14,1.2336
2018-04-15,1.2337
2018-04-16,1.2387
2018-04-17,1.2377
2018-04-18,1.2382
2018-04-19,1.2349
2018-04-20,1.2288
2018-04-21,1.2288
2018-04-22,1.2279
2018-04-23,1.2213
2018-04-24,1.2243
2018-04-25,1.2176
2018-04-26,1.2112
2018-04-27,1.2131
2018-04-28,1.2131
2018-04-29,1.2124
2018-04-30,1.2085
2018-05-01,1.1995
2018-05-02,1.1956
2018-05-03,1.1993
2018-05-04,1.1966
2018-05-05,1.1966
2018-05-06,1.196
2018-05-07,1.1942
2018-05-08,1.1871
2018-05-09,1.185
2018-05-10,1.1919
2018-05-11,1.1949
2018-05-12,1.1949
2018-05-13,1.1955
2018-05-14,1.1936
2018-05-15,1.1826
2018-05-16,1.1819
2018-05-17,1.1795
2018-05-18,1.1773
2018-05-19,1.1773
2018-05-20,1.177
2018-05-21,1.1794
2018-05-22,1.1791
2018-05-23,1.1712
2018-05-24,1.1726
2018-05-25,1.1666
2018-05-26,1.1666
2018-05-27,1.1692
2018-05-28,1.1629
2018-05-29,1.1542
2018-05-30,1.1669
2018-05-31,1.1696
2018-06-01,1.1666
2018-06-02,1.1666
2018-06-03,1.1671
2018-06-04,1.1704
2018-06-05,1.1729
2018-06-06,1.1786
2018-06-07,1.1797
2018-06-08,1.177
2018-06-09,1.177
2018-06-10,1.1784
2018-06-11,1.1778
2018-06-12,1.1751
2018-06-13,1.1808
2018-06-14,1.157
2018-06-15,1.1605
2018-06-16,1.1605
2018-06-17,1.1597
2018-06-18,1.1633
2018-06-19,1.1594
2018-06-20,1.1582
2018-06-21,1.1609
2018-06-22,1.1654
2018-06-23,1.1654
2018-06-24,1.1664
2018-06-25,1.1704
2018-06-26,1.1654
2018-06-27,1.1567
2018-06-28,1.1566
2018-06-29,1.169
2018-06-30,1.169
2018-07-01,1.1684
2018-07-02,1.1645
2018-07-03,1.166
2018-07-04,1.1665
2018-07-05,1.1696
2018-07-06,1.1759
2018-07-07,1.1759
2018-07-08,1.1755
2018-07-09,1.1759
2018-07-10,1.173
2018-07-11,1.1678
2018-07-12,1.1667
2018-07-13,1.1689
2018-07-14,1.1689
2018-07-15,1.1681
2018-07-16,1.1714
2018-07-17,1.1656
2018-07-18,1.1648
2018-07-19,1.1659
2018-07-20,1.1733
2018-07-21,1.1733
2018-07-22,1.1733
2018-07-23,1.1697
2018-07-24,1.1688
2018-07-25,1.1741
2018-07-26,1.1647
2018-07-27,1.1654
2018-07-28,1.1654
2018-07-29,1.166
2018-07-30,1.1707
2018-07-31,1.1689
2018-08-01,1.1663
2018-08-02,1.1585
2018-08-03,1.1583
2018-08-04,1.1583
2018-08-05,1.1562
2018-08-06,1.1559
2018-08-07,1.1603
2018-08-08,1.161
2018-08-09,1.1524
2018-08-10,1.1423
2018-08-11,1.1423
2018-08-12,1.1395
2018-08-13,1.1401
2018-08-14,1.1347
2018-08-15,1.1343
2018-08-16,1.1374
2018-08-17,1.1449
2018-08-18,1.1449
2018-08-19,1.1438
2018-08-20,1.1489
2018-08-21,1.1574
2018-08-22,1.1588
2018-08-23,1.1542
2018-08-24,1.1633
2018-08-25,1.1633
2018-08-26,1.1649
2018-08-27,1.1683
2018-08-28,1.1691
2018-08-29,1.1709
2018-08-30,1.1664
2018-08-31,1.1621
2018-09-01,1.1621
2018-09-02,1.16
2018-09-03,1.1615
2018-09-04,1.1586
2018-09-05,1.1635
2018-09-06,1.162
2018-09-07,1.1572
2018-09-08,1.1572
2018-09-09,1.1561
2018-09-10,1.1594
2018-09-11,1.1596
2018-09-12,1.1627
2018-09-13,1.1693
2018-09-14,1.1635
2018-09-15,1.1635
2018-09-17,1.1673
2018-09-18,1.1679
2018-09-19,1.1671
2018-09-20,1.1779
2018-09-21,1.1769
2018-09-22,1.1769
2018-09-24,1.1749
2018-09-25,1.1766
2018-09-26,1.1751
2018-09-27,1.1638
2018-09-28,1.1621
2018-09-29,1.1621
2018-10-01,1.1577
2018-10-02,1.155
2018-10-03,1.1487
2018-10-04,1.1516
2018-10-05,1.1534
2018-10-06,1.1534
2018-10-08,1.1493
2018-10-09,1.1496
2018-10-10,1.1533
2018-10-11,1.1593
2018-10-12,1.1575
2018-10-13,1.1575
2018-10-15,1.1584
2018-10-16,1.1575
2018-10-17,1.1501
2018-10-18,1.1455
2018-10-19,1.1531
2018-10-20,1.1531
2018-10-22,1.1467
2018-10-23,1.1472
2018-10-24,1.1399
2018-10-25,1.1375
2018-10-26,1.1424
2018-10-27,1.1424
2018-10-29,1.1373
2018-10-30,1.1343
2018-10-31,1.1317
2018-11-01,1.1405
2018-11-02,1.1389
2018-11-03,1.1389
2018-11-05,1.1411
2018-11-06,1.142
2018-11-07,1.1431
2018-11-08,1.1365
2018-11-09,1.1337
2018-11-10,1.1337
2018-11-12,1.1223
2018-11-13,1.1295
2018-11-14,1.1313
2018-11-15,1.1329
2018-11-16,1.1421
2018-11-17,1.1421
2018-11-19,1.1453
2018-11-20,1.1367
2018-11-21,1.1383
2018-11-22,1.1405
2018-11-23,1.1342
2018-11-24,1.1342
2018-11-26,1.1331
2018-11-27,1.1294
2018-11-28,1.1368
2018-11-29,1.1388
2018-11-30,1.1318
2018-12-01,1.1318
2018-12-03,1.1353
2018-12-04,1.1341
2018-12-05,1.1347
2018-12-06,1.1377
2018-12-07,1.1382
2018-12-08,1.1382
2018-12-10,1.1353
2018-12-11,1.1319
2018-12-12,1.1371
2018-12-13,1.1358
2018-12-14,1.1309
2018-12-15,1.1309
2018-12-17,1.1348
2018-12-18,1.1369
2018-12-19,1.138
2018-12-20,1.1451
2018-12-21,1.1383
2018-12-22,1.1383
2018-12-24,1.1399
2018-12-25,1.1402
2018-12-26,1.1356
2018-12-27,1.1429
2018-12-28,1.1438
2018-12-29,1.1438
2018-12-31,1.1482
2019-01-01,1.1465
2019-01-02,1.1338
2019-01-03,1.1394
2019-01-04,1.1396
2019-01-05,1.1396
2019-01-07,1.1476
2019-01-08,1.144
2019-01-09,1.1546
2019-01-10,1.1499
2019-01-11,1.147
2019-01-12,1.147
2019-01-14,1.1468
2019-01-15,1.1406
2019-01-16,1.1396
2019-01-17,1.1388
2019-01-18,1.1372
2019-01-19,1.1372
2019-01-21,1.137
2019-01-22,1.1362
2019-01-23,1.1379
2019-01-24,1.1307
2019-01-25,1.14
2019-01-26,1.14
2019-01-28,1.1428
2019-01-29,1.1435
2019-01-30,1.1482
2019-01-31,1.1446
2019-02-01,1.1457
2019-02-02,1.1457
2019-02-04,1.1436
2019-02-05,1.1406
2019-02-06,1.1364
2019-02-07,1.1343
2019-02-08,1.1335
2019-02-09,1.1335
2019-02-11,1.1276
2019-02-12,1.1329
2019-02-13,1.1255
2019-02-14,1.1296
2019-02-15,1.1296
2019-02-16,1.1296
2019-02-18,1.131
2019-02-19,1.1338
2019-02-20,1.1345
2019-02-21,1.1339
2019-02-22,1.1342
2019-02-23,1.1342
2019-02-25,1.1358
2019-02-26,1.1392
2019-02-27,1.1372
2019-02-28,1.1369
2019-03-01,1.1378
2019-03-02,1.1378
2019-03-04,1.1339
2019-03-05,1.1301
2019-03-06,1.1308
2019-03-07,1.1192
2019-03-08,1.1239
2019-03-09,1.1239
2019-03-11,1.1264
2019-03-12,1.129
2019-03-13,1.1336
2019-03-14,1.1307
2019-03-15,1.1344
2019-03-16,1.1344
2019-03-18,1.1335
2019-03-19,1.1353
2019-03-20,1.1423
2019-03-21,1.1377
2019-03-22,1.132
2019-03-23,1.132
2019-03-25,1.1315
2019-03-26,1.1275
2019-03-27,1.125
2019-03-28,1.1229
2019-03-29,1.1232
2019-03-30,1.1232
2019-04-01,1.1209
2019-04-02,1.1204
2019-04-03,1.1242
2019-04-04,1.1223
2019-04-05,1.1233
2019-04-06,1.1233
2019-04-08,1.1257
2019-04-09,1.1266
2019-04-10,1.1276
2019-04-11,1.126
2019-04-12,1.132
2019-04-13,1.132
2019-04-15,1.1303
2019-04-16,1.1281
2019-04-17,1.1299
2019-04-18,1.1236
2019-04-19,1.1247
2019-04-20,1.1247
2019-04-22,1.1259
2019-04-23,1.1222
2019-04-24,1.1159
2019-04-25,1.1137
2019-04-26,1.1163
2019-04-27,1.1163
2019-04-29,1.1186
2019-04-30,1.1212
2019-05-01,1.1203
2019-05-02,1.1175
2019-05-03,1.1212
2019-05-04,1.1212
2019-05-06,1.1201
2019-05-07,1.1193
2019-05-08,1.1199
2019-05-09,1.122
2019-05-10,1.1236
2019-05-11,1.1236
2019-05-13,1.1232
2019-05-14,1.1207
2019-05-15,1.1207
2019-05-16,1.1173
2019-05-17,1.1167
2019-05-18,1.1167
2019-05-20,1.1168
2019-05-21,1.1164
2019-05-22,1.1158
2019-05-23,1.1182
2019-05-24,1.1206
2019-05-25,1.1206
2019-05-27,1.1193
2019-05-28,1.1165
2019-05-29,1.1137
2019-05-30,1.1132
2019-05-31,1.1198
2019-06-01,1.1198
2019-06-03,1.1245
2019-06-04,1.1253
2019-06-05,1.1228
2019-06-06,1.1279
2019-06-07,1.1342
2019-06-08,1.1342
2019-06-10,1.1314
2019-06-11,1.1328
2019-06-12,1.1293
2019-06-13,1.1279
2019-06-14,1.1237
2019-06-15,1.1237
2019-06-17,1.1222
2019-06-18,1.1196
2019-06-19,1.1236
2019-06-20,1.1293
2019-06-21,1.1396
2019-06-22,1.1396
2019-06-24,1.1399
2019-06-25,1.1366
2019-06-26,1.1374
2019-06-27,1.1369
2019-06-28,1.1389
2019-06-29,1.1389
2019-07-02,1.1289
2019-07-03,1.1288
2019-07-04,1.1288
2019-07-05,1.1235
2019-07-06,1.1232
2019-07-08,1.1217
2019-07-09,1.1207
2019-07-10,1.126
2019-07-11,1.1257
2019-07-12,1.1288
2019-07-13,1.1288
2019-07-15,1.1262
2019-07-16,1.1211
2019-07-17,1.1227
2019-07-18,1.1249
2019-07-19,1.1233
2019-07-20,1.1233
2019-07-22,1.121
2019-07-23,1.1153
2019-07-24,1.1143
2019-07-25,1.1147
2019-07-26,1.1148
2019-07-27,1.1148
2019-07-29,1.1147
2019-07-30,1.1158
2019-07-31,1.1078
2019-08-01,1.1078
2019-08-02,1.113
2019-08-03,1.113
2019-08-05,1.1225
2019-08-06,1.1202
2019-08-07,1.1206
2019-08-08,1.1187
2019-08-09,1.1312
2019-08-10,1.1312
2019-08-12,1.1216
2019-08-13,1.1174
2019-08-14,1.1144
2019-08-15,1.111
2019-08-16,1.1094
2019-08-17,1.1094
2019-08-19,1.1082
2019-08-20,1.1099
2019-08-21,1.1093
2019-08-22,1.1083
2019-08-23,1.1241
2019-08-24,1.1241
2019-08-26,1.1101
2019-08-27,1.1091
2019-08-28,1.1084
2019-08-29,1.1058
2019-08-30,1.101
2019-08-31,1.101
2019-09-02,1.0967
2019-09-03,1.0971
2019-09-04,1.1035
2019-09-05,1.1036
2019-09-06,1.1133
2019-09-07,1.1133
2019-09-09,1.1049
2019-09-10,1.105
2019-09-11,1.101
2019-09-12,1.106
2019-09-13,1.1156
2019-09-14,1.1156
2019-09-16,1.1006
2019-09-17,1.1072
2019-09-18,1.1031
2019-09-19,1.1046
2019-09-20,1.1015
2019-09-21,1.1015
2019-09-23,1.0996
2019-09-24,1.102
2019-09-25,1.0949
2019-09-26,1.0921
2019-09-27,1.0941
2019-09-28,1.0941
2019-09-30,1.0899
2019-10-01,1.0932
2019-10-02,1.096
2019-10-03,1.0972
2019-10-04,1.098
2019-10-05,1.098
2019-10-07,1.0972
2019-10-08,1.0959
2019-10-09,1.0985
2019-10-10,1.1008
2019-10-11,1.1035
2019-10-12,1.1035
2019-10-14,1.1028
2019-10-15,1.1034
2019-10-16,1.1075
2019-10-17,1.1126
2019-10-18,1.1165
2019-10-19,1.1165
2019-10-21,1.115
2019-10-22,1.113
2019-10-23,1.1132
2019-10-24,1.1105
2019-10-25,1.1081
2019-10-26,1.1081
2019-10-28,1.1099
2019-10-29,1.1113
2019-10-30,1.1153
2019-10-31,1.1152
2019-11-01,1.1193
2019-11-02,1.1193
2019-11-04,1.1123
2019-11-05,1.1075
2019-11-06,1.1071
2019-11-07,1.105
2019-11-08,1.1019
2019-11-09,1.1019
2019-11-11,1.1032
2019-11-12,1.1013
2019-11-13,1.1008
2019-11-14,1.1023
2019-11-15,1.1053
2019-11-16,1.1051
2019-11-18,1.1072
2019-11-19,1.1078
2019-11-20,1.1075
2019-11-21,1.1062
2019-11-22,1.102
2019-11-23,1.1021
2019-11-25,1.1013
2019-11-26,1.1023
2019-11-27,1.1005
2019-11-28,1.1013
2019-11-29,1.1018
2019-11-30,1.1018
2019-12-02,1.1078
2019-12-03,1.1082
2019-12-04,1.1076
2019-12-05,1.1105
2019-12-06,1.106
2019-12-07,1.1059
2019-12-09,1.1066
2019-12-10,1.1093
2019-12-11,1.1134
2019-12-12,1.1183
2019-12-13,1.1121
2019-12-14,1.112
2019-12-16,1.114
2019-12-17,1.1153
2019-12-18,1.1116
2019-12-19,1.1124
2019-12-20,1.1078
2019-12-21,1.108
2019-12-23,1.1091
2019-12-24,1.1089
2019-12-25,1.1092
2019-12-26,1.1096
2019-12-27,1.1173
2019-12-28,1.1175
2019-12-30,1.1202
2019-12-31,1.1222
2020-01-01,1.1216
2020-01-02,1.1172
2020-01-03,1.116
2020-01-04,1.116
2020-01-06,1.1196
2020-01-07,1.1146
2020-01-08,1.1111
2020-01-09,1.1106
2020-01-10,1.112
